ID,Class Index
0,3
1,4
2,4
3,1
4,3
5,4
6,4
7,4
8,4
9,3
10,4
11,3
12,4
13,4
14,4
15,4
16,4
17,4
18,4
19,3
20,4
21,4
22,4
23,3
24,3
25,4
26,2
27,2
28,2
29,2
30,2
31,2
32,1
33,1
34,1
35,1
36,1
37,3
38,1
39,1
40,2
41,4
42,1
43,4
44,2
45,2
46,1
47,3
48,1
49,2
50,1
51,2
52,1
53,4
54,3
55,4
56,3
57,1
58,3
59,3
60,2
61,2
62,2
63,4
64,1
65,4
66,1
67,1
68,2
69,1
70,4
71,4
72,4
73,4
74,4
75,2
76,1
77,2
78,1
79,2
80,1
81,2
82,3
83,4
84,1
85,1
86,3
87,1
88,2
89,4
90,1
91,4
92,4
93,3
94,1
95,2
96,2
97,3
98,1
99,3
100,2
101,3
102,1
103,4
104,1
105,2
106,3
107,2
108,1
109,4
110,4
111,4
112,4
113,4
114,4
115,2
116,4
117,4
118,3
119,2
120,3
121,1
122,4
123,1
124,4
125,4
126,1
127,2
128,2
129,1
130,1
131,1
132,2
133,2
134,2
135,2
136,1
137,2
138,2
139,1
140,2
141,1
142,2
143,1
144,1
145,1
146,2
147,3
148,2
149,1
150,2
151,1
152,2
153,1
154,4
155,4
156,1
157,2
158,2
159,1
160,2
161,3
162,4
163,1
164,1
165,3
166,3
167,3
168,2
169,1
170,4
171,4
172,3
173,4
174,1
175,1
176,4
177,2
178,4
179,2
180,3
181,2
182,2
183,3
184,3
185,1
186,4
187,1
188,3
189,4
190,4
191,1
192,1
193,1
194,3
195,3
196,3
197,2
198,3
199,2
200,4
201,4
202,4
203,1
204,2
205,2
206,2
207,3
208,2
209,4
210,2
211,1
212,2
213,1
214,2
215,4
216,3
217,3
218,3
219,2
220,2
221,1
222,1
223,2
224,3
225,3
226,1
227,2
228,3
229,1
230,2
231,1
232,3
233,4
234,3
235,2
236,3
237,2
238,1
239,3
240,4
241,2
242,2
243,4
244,3
245,3
246,4
247,4
248,3
249,1
250,3
251,1
252,2
253,3
254,3
255,4
256,3
257,4
258,3
259,4
260,2
261,1
262,4
263,4
264,4
265,4
266,2
267,4
268,2
269,2
270,2
271,1
272,3
273,4
274,4
275,4
276,4
277,2
278,1
279,4
280,4
281,2
282,2
283,4
284,2
285,1
286,1
287,3
288,3
289,2
290,2
291,4
292,4
293,4
294,2
295,4
296,1
297,4
298,2
299,3
300,2
301,3
302,3
303,3
304,3
305,2
306,4
307,3
308,2
309,3
310,4
311,2
312,4
313,1
314,3
315,1
316,3
317,3
318,2
319,3
320,3
321,1
322,2
323,4
324,2
325,4
326,1
327,1
328,4
329,3
330,4
331,2
332,1
333,1
334,2
335,1
336,1
337,1
338,2
339,2
340,4
341,2
342,1
343,2
344,4
345,3
346,3
347,2
348,2
349,3
350,2
351,1
352,1
353,2
354,1
355,2
356,2
357,3
358,2
359,2
360,2
361,1
362,3
363,3
364,1
365,4
366,2
367,3
368,1
369,2
370,2
371,1
372,2
373,2
374,2
375,4
376,2
377,2
378,3
379,1
380,2
381,2
382,4
383,2
384,3
385,2
386,2
387,2
388,1
389,1
390,1
391,2
392,1
393,1
394,1
395,2
396,2
397,4
398,2
399,3
400,4
401,2
402,1
403,1
404,1
405,3
406,3
407,3
408,1
409,2
410,3
411,2
412,1
413,1
414,1
415,2
416,2
417,3
418,3
419,1
420,1
421,2
422,3
423,4
424,4
425,1
426,3
427,1
428,4
429,4
430,1
431,2
432,2
433,3
434,3
435,4
436,3
437,4
438,4
439,4
440,3
441,4
442,1
443,3
444,3
445,4
446,3
447,4
448,1
449,1
450,2
451,1
452,3
453,4
454,4
455,2
456,1
457,4
458,2
459,3
460,2
461,2
462,1
463,2
464,1
465,4
466,3
467,4
468,4
469,2
470,1
471,4
472,1
473,3
474,2
475,3
476,2
477,3
478,1
479,3
480,3
481,3
482,3
483,4
484,3
485,1
486,2
487,3
488,1
489,2
490,2
491,4
492,2
493,3
494,3
495,2
496,1
497,1
498,4
499,4
500,1
501,2
502,2
503,1
504,1
505,1
506,1
507,4
508,3
509,4
510,4
511,1
512,3
513,1
514,1
515,2
516,1
517,3
518,4
519,2
520,3
521,1
522,3
523,1
524,4
525,1
526,4
527,1
528,3
529,1
530,2
531,4
532,4
533,3
534,3
535,3
536,4
537,4
538,2
539,4
540,2
541,1
542,1
543,4
544,2
545,4
546,3
547,2
548,4
549,4
550,1
551,1
552,1
553,2
554,3
555,4
556,4
557,4
558,4
559,4
560,4
561,1
562,3
563,1
564,2
565,3
566,1
567,4
568,4
569,2
570,4
571,4
572,4
573,4
574,1
575,3
576,2
577,4
578,3
579,1
580,1
581,4
582,4
583,2
584,2
585,3
586,4
587,4
588,4
589,3
590,1
591,3
592,3
593,1
594,4
595,1
596,4
597,4
598,3
599,1
600,1
601,3
602,3
603,3
604,2
605,1
606,1
607,4
608,2
609,2
610,2
611,1
612,1
613,2
614,2
615,3
616,4
617,1
618,1
619,3
620,3
621,3
622,4
623,4
624,4
625,1
626,2
627,4
628,3
629,2
630,4
631,2
632,4
633,1
634,3
635,4
636,4
637,2
638,2
639,1
640,3
641,4
642,1
643,1
644,2
645,4
646,1
647,1
648,2
649,3
650,4
651,3
652,1
653,1
654,2
655,3
656,4
657,4
658,4
659,1
660,4
661,4
662,2
663,3
664,3
665,2
666,1
667,3
668,4
669,4
670,2
671,4
672,1
673,1
674,2
675,2
676,2
677,4
678,1
679,2
680,1
681,1
682,1
683,1
684,1
685,3
686,2
687,1
688,3
689,2
690,2
691,2
692,2
693,2
694,1
695,1
696,2
697,1
698,2
699,1
700,3
701,2
702,4
703,1
704,2
705,1
706,4
707,1
708,4
709,4
710,3
711,3
712,1
713,2
714,2
715,4
716,4
717,2
718,2
719,3
720,1
721,1
722,4
723,2
724,1
725,1
726,4
727,3
728,3
729,3
730,3
731,4
732,4
733,1
734,3
735,2
736,3
737,1
738,4
739,2
740,2
741,4
742,1
743,4
744,4
745,3
746,3
747,2
748,4
749,2
750,1
751,4
752,2
753,2
754,1
755,4
756,1
757,1
758,4
759,2
760,3
761,4
762,4
763,4
764,1
765,2
766,2
767,2
768,1
769,2
770,3
771,2
772,1
773,2
774,3
775,1
776,4
777,2
778,4
779,2
780,1
781,1
782,2
783,4
784,2
785,1
786,1
787,2
788,1
789,4
790,1
791,4
792,1
793,2
794,4
795,1
796,4
797,1
798,2
799,1
800,2
801,2
802,1
803,1
804,2
805,4
806,4
807,2
808,1
809,2
810,1
811,4
812,4
813,1
814,2
815,1
816,3
817,2
818,1
819,4
820,1
821,2
822,2
823,2
824,3
825,2
826,1
827,2
828,1
829,1
830,1
831,1
832,1
833,1
834,2
835,4
836,3
837,2
838,1
839,3
840,2
841,1
842,2
843,2
844,1
845,4
846,1
847,1
848,1
849,2
850,1
851,2
852,1
853,2
854,2
855,1
856,2
857,2
858,2
859,4
860,1
861,3
862,2
863,2
864,1
865,3
866,4
867,3
868,1
869,1
870,2
871,4
872,2
873,2
874,4
875,2
876,3
877,4
878,2
879,1
880,4
881,1
882,1
883,3
884,2
885,2
886,2
887,4
888,2
889,3
890,3
891,2
892,4
893,4
894,1
895,3
896,2
897,1
898,1
899,3
900,3
901,2
902,3
903,1
904,4
905,1
906,3
907,3
908,1
909,3
910,4
911,3
912,2
913,2
914,3
915,1
916,3
917,2
918,1
919,1
920,4
921,4
922,3
923,3
924,1
925,1
926,1
927,3
928,4
929,2
930,3
931,3
932,3
933,4
934,4
935,2
936,3
937,1
938,1
939,2
940,4
941,3
942,3
943,2
944,3
945,2
946,4
947,2
948,1
949,2
950,3
951,4
952,2
953,3
954,4
955,3
956,4
957,4
958,1
959,2
960,4
961,1
962,1
963,3
964,3
965,3
966,2
967,2
968,4
969,4
970,3
971,4
972,1
973,1
974,2
975,2
976,4
977,4
978,1
979,4
980,3
981,4
982,4
983,2
984,2
985,4
986,1
987,1
988,4
989,3
990,2
991,3
992,1
993,1
994,4
995,2
996,2
997,2
998,4
999,1
1000,3
1001,4
1002,4
1003,1
1004,1
1005,4
1006,3
1007,2
1008,2
1009,4
1010,3
1011,4
1012,3
1013,4
1014,4
1015,4
1016,2
1017,4
1018,3
1019,4
1020,2
1021,1
1022,4
1023,3
1024,4
1025,3
1026,1
1027,4
1028,1
1029,3
1030,3
1031,3
1032,4
1033,1
1034,2
1035,1
1036,4
1037,3
1038,4
1039,1
1040,2
1041,1
1042,4
1043,1
1044,3
1045,4
1046,4
1047,1
1048,2
1049,1
1050,3
1051,4
1052,1
1053,1
1054,2
1055,2
1056,2
1057,4
1058,1
1059,4
1060,2
1061,1
1062,3
1063,3
1064,1
1065,1
1066,4
1067,4
1068,4
1069,2
1070,4
1071,4
1072,4
1073,3
1074,3
1075,3
1076,4
1077,3
1078,4
1079,3
1080,2
1081,2
1082,2
1083,3
1084,1
1085,4
1086,4
1087,3
1088,4
1089,4
1090,1
1091,1
1092,1
1093,3
1094,3
1095,1
1096,1
1097,3
1098,4
1099,3
1100,1
1101,3
1102,2
1103,3
1104,4
1105,1
1106,4
1107,4
1108,4
1109,1
1110,1
1111,3
1112,2
1113,2
1114,2
1115,3
1116,3
1117,1
1118,4
1119,4
1120,2
1121,1
1122,3
1123,3
1124,4
1125,3
1126,3
1127,3
1128,2
1129,2
1130,1
1131,3
1132,4
1133,2
1134,1
1135,2
1136,1
1137,2
1138,2
1139,1
1140,4
1141,2
1142,1
1143,3
1144,1
1145,2
1146,1
1147,2
1148,1
1149,1
1150,1
1151,3
1152,2
1153,2
1154,4
1155,4
1156,1
1157,2
1158,2
1159,2
1160,4
1161,2
1162,4
1163,3
1164,4
1165,3
1166,3
1167,4
1168,3
1169,2
1170,2
1171,2
1172,2
1173,1
1174,2
1175,2
1176,2
1177,3
1178,3
1179,2
1180,1
1181,2
1182,4
1183,4
1184,2
1185,1
1186,1
1187,4
1188,3
1189,1
1190,4
1191,1
1192,2
1193,2
1194,2
1195,1
1196,1
1197,1
1198,2
1199,1
1200,1
1201,2
1202,2
1203,2
1204,1
1205,1
1206,2
1207,1
1208,3
1209,3
1210,3
1211,1
1212,2
1213,3
1214,1
1215,1
1216,2
1217,2
1218,2
1219,3
1220,1
1221,3
1222,1
1223,3
1224,1
1225,1
1226,4
1227,1
1228,2
1229,4
1230,4
1231,4
1232,2
1233,1
1234,1
1235,3
1236,3
1237,4
1238,2
1239,1
1240,4
1241,3
1242,4
1243,3
1244,2
1245,1
1246,2
1247,2
1248,4
1249,2
1250,2
1251,1
1252,4
1253,3
1254,3
1255,1
1256,1
1257,4
1258,1
1259,2
1260,2
1261,2
1262,4
1263,1
1264,1
1265,4
1266,1
1267,2
1268,4
1269,1
1270,3
1271,2
1272,2
1273,4
1274,3
1275,3
1276,2
1277,3
1278,1
1279,3
1280,3
1281,2
1282,2
1283,2
1284,2
1285,4
1286,4
1287,2
1288,2
1289,3
1290,1
1291,4
1292,3
1293,3
1294,4
1295,3
1296,1
1297,4
1298,1
1299,1
1300,1
1301,4
1302,2
1303,1
1304,2
1305,3
1306,1
1307,4
1308,1
1309,2
1310,3
1311,3
1312,3
1313,1
1314,4
1315,4
1316,1
1317,3
1318,3
1319,3
1320,2
1321,3
1322,2
1323,4
1324,3
1325,4
1326,4
1327,2
1328,2
1329,1
1330,3
1331,4
1332,4
1333,1
1334,3
1335,3
1336,3
1337,3
1338,1
1339,1
1340,2
1341,3
1342,2
1343,1
1344,3
1345,4
1346,4
1347,3
1348,2
1349,4
1350,4
1351,2
1352,1
1353,2
1354,4
1355,3
1356,2
1357,3
1358,3
1359,3
1360,4
1361,4
1362,2
1363,4
1364,3
1365,1
1366,3
1367,3
1368,4
1369,3
1370,4
1371,2
1372,3
1373,3
1374,3
1375,4
1376,1
1377,3
1378,2
1379,1
1380,3
1381,2
1382,2
1383,4
1384,2
1385,1
1386,1
1387,3
1388,3
1389,2
1390,4
1391,4
1392,4
1393,2
1394,1
1395,3
1396,3
1397,1
1398,3
1399,1
1400,2
1401,4
1402,1
1403,1
1404,2
1405,2
1406,2
1407,2
1408,2
1409,3
1410,3
1411,3
1412,4
1413,4
1414,2
1415,3
1416,3
1417,2
1418,2
1419,4
1420,3
1421,3
1422,2
1423,1
1424,1
1425,4
1426,4
1427,1
1428,4
1429,1
1430,3
1431,3
1432,3
1433,4
1434,4
1435,2
1436,1
1437,4
1438,3
1439,4
1440,2
1441,3
1442,1
1443,4
1444,4
1445,1
1446,4
1447,1
1448,1
1449,4
1450,3
1451,3
1452,4
1453,1
1454,2
1455,1
1456,3
1457,4
1458,2
1459,1
1460,4
1461,1
1462,4
1463,1
1464,1
1465,2
1466,2
1467,2
1468,2
1469,3
1470,2
1471,4
1472,1
1473,2
1474,4
1475,1
1476,3
1477,1
1478,2
1479,1
1480,3
1481,3
1482,3
1483,3
1484,2
1485,4
1486,4
1487,2
1488,2
1489,2
1490,1
1491,1
1492,1
1493,2
1494,4
1495,4
1496,2
1497,3
1498,4
1499,4
1500,3
1501,4
1502,2
1503,4
1504,1
1505,1
1506,1
1507,4
1508,4
1509,4
1510,4
1511,3
1512,4
1513,4
1514,3
1515,2
1516,4
1517,1
1518,2
1519,1
1520,4
1521,1
1522,1
1523,1
1524,3
1525,1
1526,1
1527,4
1528,1
1529,1
1530,3
1531,3
1532,1
1533,2
1534,4
1535,1
1536,2
1537,1
1538,1
1539,3
1540,2
1541,2
1542,4
1543,1
1544,1
1545,1
1546,1
1547,2
1548,1
1549,1
1550,4
1551,2
1552,3
1553,2
1554,2
1555,2
1556,3
1557,2
1558,2
1559,1
1560,2
1561,3
1562,1
1563,2
1564,2
1565,2
1566,2
1567,1
1568,1
1569,2
1570,2
1571,2
1572,1
1573,4
1574,2
1575,3
1576,1
1577,2
1578,1
1579,4
1580,1
1581,1
1582,1
1583,2
1584,3
1585,2
1586,1
1587,1
1588,2
1589,1
1590,3
1591,3
1592,2
1593,1
1594,2
1595,1
1596,2
1597,3
1598,1
1599,1
1600,4
1601,2
1602,1
1603,4
1604,2
1605,1
1606,4
1607,3
1608,1
1609,1
1610,4
1611,3
1612,4
1613,3
1614,2
1615,3
1616,1
1617,2
1618,4
1619,4
1620,4
1621,4
1622,3
1623,1
1624,2
1625,4
1626,4
1627,2
1628,3
1629,4
1630,2
1631,3
1632,4
1633,4
1634,4
1635,3
1636,1
1637,1
1638,3
1639,4
1640,4
1641,4
1642,4
1643,2
1644,1
1645,3
1646,2
1647,4
1648,1
1649,1
1650,2
1651,2
1652,3
1653,4
1654,3
1655,4
1656,2
1657,3
1658,4
1659,4
1660,4
1661,3
1662,1
1663,2
1664,1
1665,3
1666,4
1667,4
1668,1
1669,4
1670,3
1671,1
1672,1
1673,3
1674,2
1675,1
1676,4
1677,2
1678,3
1679,2
1680,1
1681,3
1682,2
1683,4
1684,2
1685,1
1686,4
1687,3
1688,4
1689,3
1690,4
1691,3
1692,3
1693,3
1694,3
1695,4
1696,3
1697,1
1698,2
1699,3
1700,1
1701,2
1702,4
1703,3
1704,4
1705,3
1706,2
1707,2
1708,3
1709,4
1710,4
1711,4
1712,1
1713,3
1714,3
1715,2
1716,1
1717,4
1718,3
1719,3
1720,3
1721,4
1722,2
1723,1
1724,4
1725,3
1726,3
1727,2
1728,4
1729,1
1730,3
1731,2
1732,2
1733,2
1734,2
1735,3
1736,2
1737,2
1738,2
1739,1
1740,2
1741,2
1742,4
1743,4
1744,1
1745,1
1746,3
1747,1
1748,3
1749,2
1750,4
1751,1
1752,1
1753,2
1754,4
1755,1
1756,1
1757,3
1758,2
1759,2
1760,1
1761,2
1762,4
1763,1
1764,1
1765,2
1766,3
1767,2
1768,1
1769,3
1770,4
1771,3
1772,1
1773,4
1774,3
1775,1
1776,2
1777,2
1778,1
1779,3
1780,1
1781,4
1782,2
1783,3
1784,4
1785,2
1786,2
1787,2
1788,3
1789,2
1790,3
1791,4
1792,3
1793,2
1794,2
1795,4
1796,3
1797,3
1798,2
1799,3
1800,1
1801,2
1802,4
1803,2
1804,3
1805,2
1806,4
1807,2
1808,1
1809,2
1810,2
1811,4
1812,2
1813,1
1814,4
1815,2
1816,1
1817,1
1818,1
1819,3
1820,4
1821,2
1822,1
1823,4
1824,2
1825,3
1826,3
1827,1
1828,1
1829,2
1830,2
1831,4
1832,2
1833,4
1834,1
1835,1
1836,1
1837,2
1838,3
1839,1
1840,3
1841,1
1842,3
1843,1
1844,1
1845,4
1846,1
1847,3
1848,1
1849,2
1850,1
1851,3
1852,1
1853,3
1854,4
1855,4
1856,1
1857,1
1858,2
1859,3
1860,1
1861,3
1862,3
1863,4
1864,4
1865,3
1866,1
1867,1
1868,4
1869,1
1870,4
1871,2
1872,1
1873,1
1874,4
1875,3
1876,2
1877,1
1878,4
1879,2
1880,1
1881,3
1882,2
1883,3
1884,3
1885,4
1886,4
1887,1
1888,4
1889,4
1890,4
1891,1
1892,1
1893,3
1894,1
1895,4
1896,1
1897,3
1898,4
1899,4
1900,3
1901,4
1902,4
1903,1
1904,1
1905,4
1906,2
1907,3
1908,2
1909,1
1910,2
1911,4
1912,1
1913,3
1914,3
1915,2
1916,4
1917,2
1918,3
1919,1
1920,3
1921,3
1922,4
1923,4
1924,3
1925,1
1926,3
1927,4
1928,3
1929,3
1930,2
1931,3
1932,3
1933,1
1934,1
1935,4
1936,1
1937,4
1938,3
1939,1
1940,4
1941,4
1942,2
1943,1
1944,2
1945,2
1946,3
1947,2
1948,2
1949,3
1950,2
1951,1
1952,2
1953,4
1954,4
1955,4
1956,2
1957,2
1958,3
1959,3
1960,2
1961,2
1962,3
1963,2
1964,4
1965,1
1966,1
1967,4
1968,4
1969,4
1970,2
1971,1
1972,3
1973,4
1974,4
1975,1
1976,1
1977,1
1978,4
1979,1
1980,1
1981,1
1982,2
1983,4
1984,4
1985,1
1986,4
1987,4
1988,4
1989,3
1990,4
1991,3
1992,2
1993,3
1994,1
1995,3
1996,4
1997,3
1998,1
1999,2
2000,2
2001,2
2002,2
2003,2
2004,1
2005,4
2006,4
2007,4
2008,3
2009,1
2010,3
2011,1
2012,1
2013,1
2014,4
2015,1
2016,1
2017,3
2018,2
2019,2
2020,1
2021,1
2022,1
2023,2
2024,1
2025,4
2026,2
2027,1
2028,2
2029,1
2030,1
2031,2
2032,2
2033,3
2034,4
2035,4
2036,4
2037,1
2038,3
2039,2
2040,2
2041,4
2042,1
2043,1
2044,2
2045,2
2046,2
2047,3
2048,2
2049,3
2050,2
2051,2
2052,2
2053,3
2054,1
2055,1
2056,1
2057,1
2058,2
2059,1
2060,1
2061,4
2062,4
2063,1
2064,2
2065,1
2066,2
2067,3
2068,3
2069,2
2070,4
2071,1
2072,2
2073,1
2074,1
2075,2
2076,1
2077,2
2078,2
2079,2
2080,3
2081,4
2082,4
2083,1
2084,3
2085,4
2086,3
2087,1
2088,4
2089,4
2090,2
2091,4
2092,1
2093,4
2094,1
2095,3
2096,2
2097,2
2098,3
2099,2
2100,4
2101,4
2102,4
2103,4
2104,4
2105,1
2106,4
2107,4
2108,1
2109,2
2110,2
2111,1
2112,4
2113,4
2114,2
2115,4
2116,3
2117,3
2118,1
2119,2
2120,4
2121,1
2122,4
2123,3
2124,4
2125,1
2126,1
2127,4
2128,1
2129,4
2130,4
2131,4
2132,2
2133,4
2134,1
2135,1
2136,2
2137,1
2138,1
2139,4
2140,1
2141,4
2142,3
2143,4
2144,2
2145,4
2146,2
2147,2
2148,3
2149,4
2150,1
2151,4
2152,3
2153,2
2154,1
2155,2
2156,3
2157,3
2158,1
2159,1
2160,2
2161,1
2162,4
2163,3
2164,1
2165,4
2166,4
2167,1
2168,4
2169,4
2170,4
2171,2
2172,1
2173,2
2174,1
2175,3
2176,4
2177,4
2178,1
2179,4
2180,3
2181,4
2182,3
2183,1
2184,1
2185,1
2186,3
2187,1
2188,3
2189,3
2190,3
2191,4
2192,2
2193,4
2194,4
2195,1
2196,4
2197,4
2198,3
2199,4
2200,4
2201,2
2202,4
2203,1
2204,3
2205,3
2206,3
2207,4
2208,4
2209,4
2210,4
2211,4
2212,3
2213,3
2214,3
2215,1
2216,2
2217,4
2218,1
2219,3
2220,2
2221,2
2222,4
2223,4
2224,1
2225,4
2226,1
2227,4
2228,1
2229,2
2230,2
2231,1
2232,3
2233,2
2234,4
2235,2
2236,4
2237,1
2238,3
2239,2
2240,2
2241,1
2242,1
2243,2
2244,2
2245,4
2246,1
2247,3
2248,4
2249,1
2250,2
2251,4
2252,4
2253,4
2254,1
2255,1
2256,4
2257,3
2258,4
2259,3
2260,3
2261,2
2262,4
2263,3
2264,2
2265,2
2266,4
2267,2
2268,2
2269,4
2270,4
2271,1
2272,4
2273,1
2274,3
2275,3
2276,1
2277,2
2278,3
2279,3
2280,1
2281,1
2282,4
2283,4
2284,1
2285,4
2286,4
2287,4
2288,1
2289,3
2290,3
2291,4
2292,4
2293,4
2294,4
2295,2
2296,4
2297,2
2298,3
2299,3
2300,2
2301,2
2302,2
2303,1
2304,2
2305,2
2306,1
2307,3
2308,3
2309,1
2310,3
2311,3
2312,3
2313,3
2314,3
2315,2
2316,4
2317,1
2318,3
2319,3
2320,2
2321,3
2322,3
2323,4
2324,1
2325,1
2326,2
2327,2
2328,2
2329,2
2330,2
2331,3
2332,3
2333,4
2334,2
2335,4
2336,4
2337,2
2338,3
2339,1
2340,1
2341,2
2342,3
2343,4
2344,3
2345,4
2346,2
2347,1
2348,4
2349,1
2350,3
2351,3
2352,3
2353,3
2354,3
2355,2
2356,3
2357,2
2358,4
2359,4
2360,1
2361,1
2362,2
2363,3
2364,4
2365,1
2366,1
2367,3
2368,1
2369,1
2370,1
2371,2
2372,1
2373,3
2374,3
2375,2
2376,3
2377,3
2378,1
2379,4
2380,4
2381,4
2382,4
2383,2
2384,4
2385,4
2386,1
2387,4
2388,2
2389,2
2390,2
2391,3
2392,1
2393,2
2394,3
2395,3
2396,3
2397,1
2398,1
2399,1
2400,4
2401,3
2402,2
2403,2
2404,2
2405,4
2406,1
2407,3
2408,4
2409,2
2410,1
2411,2
2412,4
2413,3
2414,4
2415,4
2416,2
2417,4
2418,1
2419,4
2420,3
2421,3
2422,4
2423,1
2424,3
2425,3
2426,1
2427,1
2428,4
2429,1
2430,3
2431,3
2432,4
2433,2
2434,4
2435,4
2436,4
2437,4
2438,1
2439,3
2440,3
2441,4
2442,2
2443,1
2444,3
2445,3
2446,1
2447,4
2448,3
2449,3
2450,3
2451,3
2452,4
2453,2
2454,2
2455,2
2456,2
2457,4
2458,3
2459,2
2460,1
2461,1
2462,3
2463,1
2464,4
2465,2
2466,3
2467,2
2468,2
2469,3
2470,3
2471,2
2472,2
2473,2
2474,3
2475,2
2476,1
2477,2
2478,2
2479,3
2480,2
2481,3
2482,1
2483,4
2484,2
2485,2
2486,1
2487,1
2488,3
2489,1
2490,2
2491,4
2492,2
2493,2
2494,2
2495,2
2496,2
2497,3
2498,1
2499,2
2500,3
2501,3
2502,4
2503,2
2504,1
2505,2
2506,1
2507,1
2508,4
2509,2
2510,2
2511,2
2512,1
2513,1
2514,1
2515,4
2516,2
2517,2
2518,2
2519,4
2520,4
2521,4
2522,4
2523,2
2524,1
2525,1
2526,2
2527,1
2528,1
2529,2
2530,2
2531,1
2532,2
2533,4
2534,4
2535,3
2536,2
2537,2
2538,2
2539,1
2540,1
2541,3
2542,3
2543,3
2544,2
2545,3
2546,2
2547,1
2548,1
2549,1
2550,3
2551,2
2552,2
2553,1
2554,1
2555,4
2556,4
2557,2
2558,1
2559,1
2560,2
2561,1
2562,2
2563,1
2564,1
2565,3
2566,3
2567,1
2568,2
2569,2
2570,2
2571,4
2572,1
2573,3
2574,4
2575,4
2576,3
2577,4
2578,1
2579,1
2580,3
2581,1
2582,4
2583,4
2584,2
2585,2
2586,4
2587,1
2588,3
2589,4
2590,3
2591,2
2592,3
2593,1
2594,3
2595,1
2596,4
2597,3
2598,4
2599,3
2600,3
2601,4
2602,1
2603,1
2604,1
2605,4
2606,2
2607,1
2608,4
2609,3
2610,4
2611,4
2612,4
2613,3
2614,3
2615,2
2616,4
2617,1
2618,4
2619,4
2620,3
2621,4
2622,2
2623,2
2624,1
2625,4
2626,3
2627,3
2628,3
2629,2
2630,2
2631,2
2632,1
2633,4
2634,2
2635,4
2636,3
2637,1
2638,3
2639,2
2640,2
2641,2
2642,2
2643,3
2644,2
2645,2
2646,1
2647,1
2648,3
2649,1
2650,4
2651,2
2652,3
2653,1
2654,3
2655,4
2656,2
2657,1
2658,3
2659,3
2660,3
2661,2
2662,3
2663,1
2664,3
2665,1
2666,3
2667,3
2668,1
2669,4
2670,1
2671,1
2672,3
2673,4
2674,1
2675,3
2676,4
2677,4
2678,4
2679,3
2680,3
2681,4
2682,4
2683,1
2684,3
2685,1
2686,3
2687,3
2688,3
2689,2
2690,2
2691,2
2692,4
2693,4
2694,4
2695,1
2696,3
2697,3
2698,4
2699,3
2700,3
2701,3
2702,1
2703,3
2704,1
2705,2
2706,3
2707,4
2708,4
2709,3
2710,3
2711,1
2712,4
2713,2
2714,4
2715,2
2716,2
2717,2
2718,4
2719,4
2720,1
2721,1
2722,4
2723,2
2724,3
2725,1
2726,3
2727,4
2728,2
2729,3
2730,1
2731,3
2732,4
2733,2
2734,1
2735,3
2736,2
2737,2
2738,1
2739,2
2740,1
2741,3
2742,4
2743,1
2744,2
2745,3
2746,3
2747,2
2748,4
2749,3
2750,1
2751,2
2752,4
2753,4
2754,4
2755,3
2756,4
2757,3
2758,2
2759,3
2760,4
2761,1
2762,3
2763,3
2764,4
2765,1
2766,4
2767,4
2768,3
2769,1
2770,4
2771,4
2772,3
2773,4
2774,2
2775,3
2776,4
2777,2
2778,3
2779,4
2780,4
2781,1
2782,2
2783,3
2784,2
2785,4
2786,3
2787,3
2788,4
2789,3
2790,4
2791,4
2792,4
2793,2
2794,2
2795,3
2796,4
2797,4
2798,2
2799,4
2800,4
2801,4
2802,1
2803,2
2804,4
2805,3
2806,3
2807,4
2808,1
2809,2
2810,3
2811,4
2812,4
2813,4
2814,1
2815,3
2816,3
2817,1
2818,4
2819,1
2820,2
2821,2
2822,3
2823,3
2824,1
2825,2
2826,2
2827,4
2828,4
2829,2
2830,1
2831,4
2832,2
2833,1
2834,1
2835,3
2836,3
2837,2
2838,1
2839,1
2840,1
2841,3
2842,4
2843,3
2844,4
2845,2
2846,3
2847,3
2848,4
2849,4
2850,4
2851,3
2852,3
2853,1
2854,3
2855,1
2856,3
2857,4
2858,2
2859,2
2860,1
2861,4
2862,4
2863,2
2864,4
2865,1
2866,3
2867,3
2868,3
2869,3
2870,2
2871,2
2872,2
2873,4
2874,2
2875,3
2876,2
2877,4
2878,3
2879,4
2880,2
2881,1
2882,4
2883,1
2884,1
2885,4
2886,4
2887,2
2888,2
2889,2
2890,2
2891,2
2892,2
2893,2
2894,4
2895,2
2896,2
2897,3
2898,2
2899,3
2900,2
2901,1
2902,4
2903,1
2904,2
2905,2
2906,1
2907,2
2908,2
2909,3
2910,4
2911,1
2912,1
2913,4
2914,4
2915,4
2916,2
2917,2
2918,4
2919,4
2920,1
2921,1
2922,3
2923,4
2924,2
2925,1
2926,3
2927,2
2928,4
2929,4
2930,4
2931,4
2932,4
2933,2
2934,2
2935,4
2936,4
2937,3
2938,3
2939,4
2940,4
2941,4
2942,2
2943,2
2944,3
2945,3
2946,4
2947,1
2948,4
2949,4
2950,2
2951,2
2952,4
2953,4
2954,2
2955,4
2956,1
2957,1
2958,4
2959,1
2960,2
2961,2
2962,4
2963,2
2964,1
2965,4
2966,1
2967,3
2968,1
2969,4
2970,3
2971,3
2972,2
2973,1
2974,3
2975,3
2976,1
2977,1
2978,3
2979,4
2980,2
2981,1
2982,1
2983,1
2984,1
2985,3
2986,3
2987,3
2988,3
2989,1
2990,1
2991,2
2992,2
2993,1
2994,2
2995,2
2996,1
2997,1
2998,2
2999,1
3000,2
3001,4
3002,2
3003,3
3004,4
3005,4
3006,1
3007,2
3008,3
3009,2
3010,3
3011,3
3012,4
3013,1
3014,3
3015,2
3016,3
3017,3
3018,2
3019,1
3020,3
3021,1
3022,2
3023,1
3024,2
3025,3
3026,2
3027,4
3028,2
3029,2
3030,2
3031,2
3032,2
3033,1
3034,4
3035,4
3036,2
3037,2
3038,4
3039,1
3040,1
3041,1
3042,1
3043,2
3044,1
3045,3
3046,2
3047,2
3048,1
3049,2
3050,2
3051,3
3052,3
3053,2
3054,1
3055,4
3056,4
3057,1
3058,1
3059,4
3060,3
3061,1
3062,3
3063,2
3064,1
3065,2
3066,2
3067,3
3068,1
3069,4
3070,1
3071,2
3072,2
3073,4
3074,2
3075,1
3076,4
3077,2
3078,3
3079,2
3080,1
3081,3
3082,1
3083,3
3084,3
3085,1
3086,3
3087,4
3088,4
3089,3
3090,4
3091,4
3092,2
3093,1
3094,2
3095,2
3096,3
3097,4
3098,3
3099,4
3100,4
3101,3
3102,1
3103,4
3104,3
3105,3
3106,1
3107,3
3108,4
3109,4
3110,4
3111,1
3112,3
3113,1
3114,4
3115,4
3116,3
3117,2
3118,1
3119,3
3120,2
3121,3
3122,1
3123,1
3124,1
3125,3
3126,2
3127,4
3128,3
3129,3
3130,3
3131,2
3132,1
3133,4
3134,3
3135,3
3136,4
3137,4
3138,1
3139,4
3140,4
3141,4
3142,2
3143,1
3144,4
3145,4
3146,3
3147,1
3148,2
3149,2
3150,2
3151,1
3152,1
3153,1
3154,2
3155,3
3156,4
3157,1
3158,3
3159,4
3160,2
3161,1
3162,4
3163,1
3164,1
3165,2
3166,2
3167,1
3168,4
3169,1
3170,3
3171,3
3172,4
3173,2
3174,1
3175,4
3176,1
3177,4
3178,3
3179,3
3180,1
3181,1
3182,3
3183,4
3184,3
3185,4
3186,2
3187,1
3188,3
3189,3
3190,3
3191,1
3192,3
3193,4
3194,1
3195,1
3196,1
3197,4
3198,4
3199,4
3200,2
3201,3
3202,3
3203,3
3204,4
3205,1
3206,1
3207,3
3208,2
3209,3
3210,1
3211,1
3212,3
3213,3
3214,3
3215,3
3216,2
3217,4
3218,3
3219,1
3220,3
3221,4
3222,4
3223,4
3224,1
3225,3
3226,1
3227,3
3228,1
3229,4
3230,2
3231,2
3232,2
3233,1
3234,2
3235,2
3236,2
3237,2
3238,2
3239,1
3240,3
3241,4
3242,3
3243,3
3244,2
3245,1
3246,3
3247,1
3248,1
3249,1
3250,1
3251,4
3252,3
3253,1
3254,1
3255,1
3256,4
3257,4
3258,3
3259,2
3260,3
3261,2
3262,4
3263,4
3264,3
3265,2
3266,3
3267,3
3268,1
3269,3
3270,4
3271,1
3272,4
3273,2
3274,3
3275,1
3276,3
3277,3
3278,4
3279,1
3280,3
3281,4
3282,1
3283,2
3284,1
3285,4
3286,1
3287,4
3288,3
3289,4
3290,4
3291,4
3292,4
3293,4
3294,3
3295,1
3296,4
3297,4
3298,1
3299,3
3300,1
3301,1
3302,2
3303,1
3304,2
3305,4
3306,4
3307,3
3308,2
3309,2
3310,4
3311,1
3312,3
3313,4
3314,1
3315,4
3316,1
3317,2
3318,2
3319,3
3320,2
3321,3
3322,2
3323,3
3324,3
3325,3
3326,2
3327,4
3328,1
3329,4
3330,3
3331,2
3332,3
3333,1
3334,4
3335,2
3336,4
3337,2
3338,2
3339,3
3340,2
3341,3
3342,4
3343,3
3344,1
3345,1
3346,1
3347,2
3348,2
3349,2
3350,4
3351,4
3352,2
3353,1
3354,3
3355,4
3356,3
3357,2
3358,1
3359,2
3360,2
3361,2
3362,2
3363,3
3364,4
3365,2
3366,2
3367,1
3368,1
3369,2
3370,4
3371,4
3372,2
3373,2
3374,4
3375,4
3376,2
3377,1
3378,1
3379,3
3380,4
3381,3
3382,4
3383,4
3384,3
3385,2
3386,3
3387,2
3388,4
3389,1
3390,1
3391,2
3392,4
3393,1
3394,4
3395,4
3396,3
3397,4
3398,1
3399,1
3400,1
3401,4
3402,4
3403,3
3404,4
3405,4
3406,3
3407,1
3408,3
3409,4
3410,3
3411,3
3412,4
3413,2
3414,4
3415,3
3416,2
3417,4
3418,4
3419,3
3420,4
3421,4
3422,4
3423,3
3424,2
3425,2
3426,4
3427,3
3428,1
3429,4
3430,3
3431,1
3432,3
3433,4
3434,1
3435,4
3436,1
3437,3
3438,4
3439,1
3440,3
3441,4
3442,2
3443,4
3444,1
3445,3
3446,1
3447,3
3448,3
3449,1
3450,1
3451,1
3452,1
3453,3
3454,1
3455,4
3456,4
3457,2
3458,3
3459,4
3460,4
3461,1
3462,2
3463,2
3464,2
3465,4
3466,1
3467,4
3468,2
3469,3
3470,4
3471,3
3472,4
3473,1
3474,1
3475,4
3476,4
3477,1
3478,4
3479,1
3480,1
3481,1
3482,1
3483,1
3484,1
3485,1
3486,1
3487,4
3488,4
3489,2
3490,1
3491,1
3492,1
3493,3
3494,1
3495,4
3496,4
3497,4
3498,2
3499,2
3500,1
3501,4
3502,4
3503,1
3504,1
3505,4
3506,4
3507,2
3508,3
3509,1
3510,1
3511,1
3512,4
3513,1
3514,2
3515,1
3516,1
3517,1
3518,1
3519,2
3520,2
3521,2
3522,2
3523,2
3524,1
3525,2
3526,1
3527,2
3528,1
3529,2
3530,2
3531,1
3532,4
3533,1
3534,2
3535,4
3536,1
3537,2
3538,4
3539,2
3540,1
3541,2
3542,3
3543,2
3544,2
3545,1
3546,1
3547,1
3548,3
3549,1
3550,2
3551,2
3552,1
3553,3
3554,1
3555,1
3556,3
3557,2
3558,1
3559,2
3560,2
3561,4
3562,2
3563,2
3564,4
3565,1
3566,3
3567,4
3568,2
3569,1
3570,2
3571,4
3572,1
3573,3
3574,4
3575,3
3576,4
3577,3
3578,2
3579,1
3580,3
3581,3
3582,4
3583,3
3584,2
3585,2
3586,2
3587,1
3588,4
3589,3
3590,4
3591,3
3592,3
3593,3
3594,1
3595,1
3596,2
3597,2
3598,1
3599,2
3600,4
3601,2
3602,4
3603,2
3604,2
3605,4
3606,1
3607,3
3608,1
3609,1
3610,4
3611,1
3612,4
3613,1
3614,4
3615,1
3616,1
3617,4
3618,2
3619,1
3620,2
3621,2
3622,1
3623,4
3624,3
3625,1
3626,2
3627,4
3628,3
3629,1
3630,2
3631,3
3632,3
3633,1
3634,3
3635,1
3636,2
3637,1
3638,1
3639,2
3640,3
3641,2
3642,4
3643,1
3644,1
3645,4
3646,2
3647,2
3648,1
3649,1
3650,1
3651,1
3652,4
3653,3
3654,1
3655,4
3656,3
3657,4
3658,3
3659,4
3660,1
3661,2
3662,3
3663,3
3664,3
3665,3
3666,2
3667,4
3668,4
3669,1
3670,4
3671,4
3672,4
3673,1
3674,4
3675,3
3676,4
3677,2
3678,1
3679,3
3680,3
3681,4
3682,3
3683,1
3684,3
3685,1
3686,1
3687,4
3688,2
3689,4
3690,4
3691,3
3692,3
3693,2
3694,3
3695,2
3696,1
3697,1
3698,1
3699,3
3700,3
3701,3
3702,3
3703,4
3704,2
3705,1
3706,4
3707,1
3708,1
3709,2
3710,1
3711,3
3712,3
3713,3
3714,4
3715,4
3716,3
3717,4
3718,1
3719,2
3720,3
3721,2
3722,4
3723,3
3724,3
3725,2
3726,4
3727,1
3728,3
3729,3
3730,4
3731,4
3732,4
3733,2
3734,2
3735,1
3736,2
3737,1
3738,4
3739,4
3740,2
3741,4
3742,3
3743,1
3744,2
3745,2
3746,2
3747,3
3748,2
3749,1
3750,3
3751,3
3752,3
3753,1
3754,3
3755,1
3756,1
3757,4
3758,1
3759,4
3760,4
3761,1
3762,4
3763,3
3764,3
3765,3
3766,4
3767,1
3768,2
3769,3
3770,3
3771,2
3772,2
3773,2
3774,1
3775,3
3776,4
3777,1
3778,3
3779,3
3780,4
3781,2
3782,1
3783,1
3784,1
3785,1
3786,1
3787,4
3788,4
3789,3
3790,3
3791,2
3792,4
3793,4
3794,2
3795,3
3796,4
3797,1
3798,2
3799,1
3800,4
3801,4
3802,4
3803,4
3804,3
3805,2
3806,2
3807,3
3808,2
3809,2
3810,1
3811,4
3812,3
3813,4
3814,1
3815,4
3816,4
3817,3
3818,4
3819,1
3820,2
3821,1
3822,3
3823,3
3824,4
3825,2
3826,3
3827,4
3828,4
3829,3
3830,4
3831,2
3832,1
3833,1
3834,4
3835,4
3836,2
3837,2
3838,1
3839,2
3840,2
3841,3
3842,3
3843,1
3844,1
3845,1
3846,4
3847,4
3848,2
3849,4
3850,1
3851,2
3852,2
3853,4
3854,3
3855,1
3856,3
3857,3
3858,2
3859,2
3860,1
3861,3
3862,3
3863,4
3864,3
3865,2
3866,3
3867,3
3868,3
3869,4
3870,3
3871,2
3872,4
3873,1
3874,1
3875,3
3876,1
3877,1
3878,1
3879,4
3880,3
3881,2
3882,4
3883,4
3884,2
3885,2
3886,1
3887,3
3888,4
3889,3
3890,3
3891,4
3892,2
3893,1
3894,2
3895,1
3896,2
3897,1
3898,2
3899,2
3900,2
3901,2
3902,3
3903,1
3904,1
3905,2
3906,1
3907,3
3908,1
3909,1
3910,1
3911,3
3912,1
3913,1
3914,1
3915,1
3916,1
3917,2
3918,1
3919,2
3920,1
3921,2
3922,4
3923,2
3924,2
3925,1
3926,2
3927,2
3928,1
3929,1
3930,1
3931,1
3932,2
3933,2
3934,3
3935,2
3936,2
3937,2
3938,2
3939,2
3940,3
3941,2
3942,2
3943,1
3944,2
3945,3
3946,2
3947,2
3948,1
3949,3
3950,4
3951,2
3952,2
3953,2
3954,3
3955,2
3956,1
3957,1
3958,1
3959,2
3960,1
3961,2
3962,2
3963,2
3964,1
3965,2
3966,2
3967,1
3968,4
3969,4
3970,4
3971,1
3972,2
3973,2
3974,4
3975,3
3976,1
3977,3
3978,2
3979,1
3980,1
3981,4
3982,2
3983,4
3984,4
3985,3
3986,4
3987,4
3988,3
3989,4
3990,3
3991,4
3992,1
3993,4
3994,4
3995,2
3996,2
3997,2
3998,4
3999,1
4000,4
4001,1
4002,3
4003,3
4004,4
4005,4
4006,3
4007,1
4008,3
4009,4
4010,1
4011,2
4012,4
4013,3
4014,3
4015,1
4016,4
4017,4
4018,2
4019,3
4020,3
4021,4
4022,3
4023,4
4024,3
4025,3
4026,3
4027,2
4028,3
4029,2
4030,3
4031,2
4032,1
4033,3
4034,2
4035,3
4036,2
4037,2
4038,1
4039,1
4040,2
4041,2
4042,2
4043,2
4044,1
4045,4
4046,2
4047,4
4048,4
4049,3
4050,2
4051,4
4052,3
4053,1
4054,2
4055,3
4056,3
4057,4
4058,4
4059,3
4060,3
4061,2
4062,1
4063,3
4064,2
4065,3
4066,2
4067,1
4068,1
4069,4
4070,4
4071,2
4072,4
4073,4
4074,3
4075,4
4076,1
4077,1
4078,3
4079,3
4080,1
4081,4
4082,4
4083,4
4084,4
4085,4
4086,4
4087,1
4088,3
4089,3
4090,4
4091,2
4092,2
4093,3
4094,2
4095,1
4096,3
4097,3
4098,3
4099,2
4100,4
4101,3
4102,4
4103,4
4104,1
4105,4
4106,1
4107,4
4108,1
4109,3
4110,3
4111,4
4112,2
4113,2
4114,4
4115,4
4116,3
4117,1
4118,1
4119,3
4120,4
4121,4
4122,4
4123,3
4124,2
4125,2
4126,2
4127,1
4128,3
4129,2
4130,2
4131,4
4132,3
4133,3
4134,1
4135,2
4136,3
4137,2
4138,4
4139,1
4140,4
4141,2
4142,2
4143,1
4144,2
4145,4
4146,1
4147,1
4148,3
4149,3
4150,1
4151,3
4152,4
4153,3
4154,1
4155,1
4156,1
4157,3
4158,3
4159,4
4160,3
4161,3
4162,1
4163,4
4164,3
4165,3
4166,3
4167,2
4168,1
4169,4
4170,2
4171,1
4172,3
4173,4
4174,4
4175,2
4176,1
4177,4
4178,1
4179,2
4180,2
4181,3
4182,1
4183,1
4184,4
4185,3
4186,4
4187,1
4188,1
4189,3
4190,2
4191,3
4192,2
4193,2
4194,4
4195,4
4196,2
4197,1
4198,3
4199,2
4200,4
4201,4
4202,2
4203,4
4204,2
4205,3
4206,2
4207,2
4208,1
4209,1
4210,3
4211,1
4212,1
4213,2
4214,3
4215,2
4216,3
4217,1
4218,4
4219,3
4220,2
4221,3
4222,4
4223,3
4224,2
4225,4
4226,4
4227,4
4228,3
4229,1
4230,4
4231,3
4232,4
4233,3
4234,2
4235,3
4236,3
4237,2
4238,2
4239,2
4240,2
4241,3
4242,3
4243,1
4244,4
4245,4
4246,1
4247,1
4248,4
4249,3
4250,1
4251,1
4252,4
4253,3
4254,3
4255,3
4256,3
4257,4
4258,1
4259,4
4260,2
4261,1
4262,1
4263,3
4264,4
4265,2
4266,3
4267,4
4268,3
4269,3
4270,4
4271,2
4272,4
4273,4
4274,2
4275,1
4276,2
4277,4
4278,4
4279,2
4280,2
4281,2
4282,1
4283,2
4284,3
4285,4
4286,1
4287,3
4288,3
4289,3
4290,1
4291,1
4292,3
4293,3
4294,4
4295,1
4296,2
4297,3
4298,2
4299,1
4300,2
4301,2
4302,2
4303,1
4304,3
4305,4
4306,4
4307,1
4308,3
4309,3
4310,3
4311,3
4312,4
4313,4
4314,2
4315,1
4316,4
4317,3
4318,4
4319,3
4320,4
4321,2
4322,4
4323,3
4324,4
4325,1
4326,4
4327,3
4328,2
4329,2
4330,2
4331,1
4332,4
4333,2
4334,1
4335,3
4336,1
4337,3
4338,1
4339,1
4340,1
4341,2
4342,4
4343,2
4344,1
4345,2
4346,4
4347,2
4348,2
4349,3
4350,2
4351,4
4352,2
4353,1
4354,3
4355,2
4356,3
4357,1
4358,1
4359,4
4360,1
4361,2
4362,2
4363,3
4364,2
4365,3
4366,3
4367,2
4368,2
4369,4
4370,2
4371,1
4372,1
4373,2
4374,1
4375,1
4376,1
4377,2
4378,1
4379,2
4380,1
4381,4
4382,4
4383,1
4384,2
4385,1
4386,1
4387,2
4388,3
4389,1
4390,3
4391,2
4392,4
4393,2
4394,4
4395,4
4396,3
4397,2
4398,1
4399,1
4400,3
4401,1
4402,4
4403,1
4404,2
4405,2
4406,1
4407,2
4408,3
4409,1
4410,2
4411,2
4412,3
4413,3
4414,1
4415,1
4416,1
4417,1
4418,2
4419,1
4420,2
4421,2
4422,1
4423,1
4424,2
4425,1
4426,1
4427,2
4428,2
4429,2
4430,1
4431,2
4432,2
4433,2
4434,1
4435,3
4436,3
4437,3
4438,2
4439,1
4440,1
4441,3
4442,4
4443,2
4444,1
4445,2
4446,2
4447,1
4448,3
4449,2
4450,2
4451,3
4452,1
4453,4
4454,1
4455,1
4456,1
4457,2
4458,2
4459,1
4460,3
4461,2
4462,1
4463,1
4464,2
4465,4
4466,1
4467,4
4468,1
4469,1
4470,4
4471,1
4472,3
4473,3
4474,3
4475,2
4476,2
4477,3
4478,3
4479,3
4480,4
4481,3
4482,4
4483,4
4484,1
4485,1
4486,3
4487,3
4488,4
4489,4
4490,3
4491,4
4492,2
4493,4
4494,4
4495,1
4496,3
4497,1
4498,4
4499,4
4500,2
4501,4
4502,4
4503,4
4504,3
4505,2
4506,4
4507,4
4508,4
4509,4
4510,3
4511,2
4512,1
4513,2
4514,4
4515,4
4516,2
4517,3
4518,3
4519,1
4520,3
4521,3
4522,2
4523,3
4524,2
4525,4
4526,2
4527,4
4528,3
4529,2
4530,3
4531,3
4532,2
4533,3
4534,1
4535,1
4536,3
4537,2
4538,1
4539,2
4540,1
4541,1
4542,3
4543,2
4544,4
4545,1
4546,4
4547,4
4548,1
4549,2
4550,3
4551,3
4552,3
4553,4
4554,3
4555,4
4556,3
4557,4
4558,1
4559,4
4560,3
4561,1
4562,1
4563,1
4564,3
4565,3
4566,3
4567,3
4568,3
4569,4
4570,1
4571,4
4572,3
4573,3
4574,1
4575,1
4576,4
4577,1
4578,1
4579,3
4580,4
4581,2
4582,4
4583,2
4584,4
4585,4
4586,2
4587,3
4588,4
4589,1
4590,1
4591,3
4592,3
4593,4
4594,4
4595,2
4596,4
4597,4
4598,1
4599,3
4600,4
4601,2
4602,1
4603,3
4604,4
4605,4
4606,2
4607,1
4608,4
4609,4
4610,4
4611,3
4612,1
4613,3
4614,2
4615,2
4616,1
4617,4
4618,3
4619,2
4620,2
4621,1
4622,4
4623,4
4624,1
4625,4
4626,2
4627,3
4628,2
4629,3
4630,2
4631,2
4632,2
4633,3
4634,2
4635,3
4636,2
4637,1
4638,3
4639,1
4640,2
4641,3
4642,1
4643,4
4644,1
4645,3
4646,2
4647,1
4648,3
4649,2
4650,3
4651,1
4652,3
4653,3
4654,1
4655,4
4656,4
4657,1
4658,2
4659,2
4660,2
4661,3
4662,4
4663,4
4664,1
4665,4
4666,1
4667,3
4668,1
4669,2
4670,3
4671,4
4672,1
4673,3
4674,4
4675,4
4676,4
4677,4
4678,4
4679,1
4680,3
4681,4
4682,4
4683,3
4684,1
4685,1
4686,3
4687,4
4688,3
4689,4
4690,2
4691,4
4692,1
4693,2
4694,4
4695,2
4696,2
4697,1
4698,2
4699,1
4700,1
4701,4
4702,2
4703,3
4704,4
4705,2
4706,4
4707,2
4708,1
4709,1
4710,2
4711,1
4712,1
4713,3
4714,4
4715,1
4716,1
4717,3
4718,4
4719,3
4720,4
4721,4
4722,3
4723,2
4724,2
4725,2
4726,1
4727,3
4728,2
4729,2
4730,2
4731,2
4732,4
4733,2
4734,2
4735,3
4736,1
4737,4
4738,4
4739,3
4740,4
4741,4
4742,4
4743,2
4744,3
4745,2
4746,3
4747,2
4748,1
4749,4
4750,3
4751,3
4752,1
4753,3
4754,4
4755,2
4756,3
4757,1
4758,3
4759,3
4760,4
4761,1
4762,4
4763,4
4764,1
4765,3
4766,3
4767,4
4768,3
4769,3
4770,2
4771,4
4772,2
4773,4
4774,1
4775,4
4776,4
4777,2
4778,4
4779,4
4780,2
4781,2
4782,2
4783,4
4784,4
4785,2
4786,2
4787,4
4788,1
4789,3
4790,1
4791,4
4792,4
4793,4
4794,3
4795,3
4796,4
4797,1
4798,3
4799,1
4800,1
4801,4
4802,1
4803,4
4804,1
4805,2
4806,4
4807,3
4808,2
4809,2
4810,3
4811,1
4812,1
4813,1
4814,1
4815,2
4816,1
4817,2
4818,4
4819,2
4820,1
4821,1
4822,3
4823,4
4824,1
4825,2
4826,4
4827,2
4828,3
4829,4
4830,2
4831,4
4832,3
4833,2
4834,1
4835,3
4836,3
4837,3
4838,1
4839,3
4840,3
4841,1
4842,2
4843,1
4844,4
4845,2
4846,3
4847,2
4848,2
4849,3
4850,3
4851,2
4852,1
4853,4
4854,1
4855,4
4856,3
4857,4
4858,1
4859,1
4860,4
4861,1
4862,4
4863,1
4864,3
4865,3
4866,3
4867,1
4868,2
4869,4
4870,4
4871,1
4872,4
4873,1
4874,1
4875,2
4876,2
4877,3
4878,2
4879,2
4880,1
4881,1
4882,2
4883,2
4884,2
4885,4
4886,1
4887,2
4888,4
4889,2
4890,1
4891,4
4892,2
4893,1
4894,2
4895,2
4896,2
4897,1
4898,4
4899,2
4900,1
4901,2
4902,4
4903,2
4904,4
4905,2
4906,3
4907,2
4908,3
4909,1
4910,1
4911,2
4912,1
4913,2
4914,2
4915,4
4916,1
4917,4
4918,2
4919,2
4920,2
4921,3
4922,1
4923,1
4924,1
4925,2
4926,1
4927,2
4928,4
4929,3
4930,2
4931,3
4932,4
4933,2
4934,3
4935,2
4936,4
4937,1
4938,2
4939,1
4940,3
4941,3
4942,4
4943,3
4944,4
4945,1
4946,2
4947,1
4948,1
4949,4
4950,3
4951,2
4952,3
4953,2
4954,2
4955,3
4956,4
4957,4
4958,1
4959,3
4960,4
4961,3
4962,3
4963,3
4964,2
4965,4
4966,3
4967,1
4968,2
4969,3
4970,2
4971,1
4972,3
4973,2
4974,2
4975,3
4976,3
4977,2
4978,4
4979,3
4980,3
4981,3
4982,1
4983,4
4984,3
4985,2
4986,3
4987,3
4988,4
4989,3
4990,1
4991,3
4992,1
4993,2
4994,3
4995,2
4996,2
4997,3
4998,2
4999,3
5000,3
5001,3
5002,2
5003,4
5004,3
5005,2
5006,4
5007,3
5008,1
5009,2
5010,1
5011,1
5012,1
5013,4
5014,1
5015,2
5016,2
5017,2
5018,3
5019,3
5020,3
5021,2
5022,2
5023,4
5024,1
5025,3
5026,2
5027,2
5028,3
5029,2
5030,2
5031,3
5032,3
5033,1
5034,3
5035,3
5036,4
5037,2
5038,4
5039,1
5040,3
5041,1
5042,1
5043,3
5044,3
5045,3
5046,2
5047,3
5048,4
5049,2
5050,3
5051,4
5052,2
5053,4
5054,3
5055,1
5056,4
5057,2
5058,2
5059,3
5060,4
5061,2
5062,3
5063,3
5064,4
5065,4
5066,2
5067,1
5068,1
5069,1
5070,3
5071,2
5072,4
5073,2
5074,3
5075,3
5076,3
5077,3
5078,1
5079,2
5080,4
5081,4
5082,1
5083,3
5084,3
5085,2
5086,3
5087,3
5088,4
5089,1
5090,3
5091,4
5092,3
5093,4
5094,4
5095,2
5096,1
5097,2
5098,2
5099,2
5100,4
5101,4
5102,4
5103,4
5104,2
5105,3
5106,3
5107,1
5108,3
5109,3
5110,2
5111,4
5112,1
5113,3
5114,1
5115,3
5116,1
5117,3
5118,1
5119,3
5120,2
5121,1
5122,1
5123,4
5124,1
5125,1
5126,4
5127,1
5128,2
5129,4
5130,4
5131,3
5132,4
5133,3
5134,4
5135,4
5136,4
5137,3
5138,4
5139,4
5140,4
5141,4
5142,3
5143,3
5144,4
5145,1
5146,3
5147,4
5148,4
5149,3
5150,1
5151,4
5152,1
5153,3
5154,4
5155,1
5156,1
5157,2
5158,3
5159,4
5160,4
5161,4
5162,3
5163,1
5164,1
5165,3
5166,4
5167,4
5168,2
5169,3
5170,4
5171,4
5172,3
5173,1
5174,1
5175,3
5176,3
5177,4
5178,2
5179,4
5180,1
5181,4
5182,4
5183,2
5184,1
5185,4
5186,4
5187,4
5188,1
5189,4
5190,4
5191,1
5192,4
5193,1
5194,2
5195,2
5196,4
5197,3
5198,2
5199,3
5200,2
5201,1
5202,2
5203,1
5204,3
5205,2
5206,1
5207,1
5208,1
5209,2
5210,2
5211,2
5212,2
5213,2
5214,2
5215,2
5216,3
5217,1
5218,2
5219,1
5220,2
5221,1
5222,1
5223,3
5224,3
5225,3
5226,2
5227,1
5228,2
5229,2
5230,1
5231,1
5232,3
5233,4
5234,2
5235,1
5236,1
5237,1
5238,4
5239,2
5240,2
5241,2
5242,2
5243,1
5244,1
5245,1
5246,1
5247,1
5248,2
5249,1
5250,1
5251,1
5252,3
5253,2
5254,1
5255,1
5256,1
5257,1
5258,3
5259,3
5260,4
5261,2
5262,2
5263,1
5264,4
5265,4
5266,1
5267,2
5268,2
5269,2
5270,3
5271,1
5272,1
5273,3
5274,1
5275,4
5276,1
5277,4
5278,2
5279,2
5280,4
5281,4
5282,3
5283,3
5284,2
5285,4
5286,1
5287,1
5288,4
5289,2
5290,2
5291,1
5292,3
5293,4
5294,2
5295,1
5296,1
5297,4
5298,4
5299,3
5300,3
5301,3
5302,3
5303,3
5304,1
5305,4
5306,4
5307,4
5308,4
5309,3
5310,1
5311,4
5312,4
5313,3
5314,3
5315,3
5316,3
5317,4
5318,4
5319,2
5320,1
5321,3
5322,4
5323,4
5324,4
5325,4
5326,4
5327,2
5328,4
5329,3
5330,4
5331,4
5332,2
5333,3
5334,2
5335,3
5336,3
5337,3
5338,4
5339,3
5340,4
5341,4
5342,4
5343,3
5344,4
5345,4
5346,3
5347,4
5348,2
5349,1
5350,3
5351,4
5352,2
5353,3
5354,4
5355,2
5356,1
5357,4
5358,1
5359,1
5360,1
5361,4
5362,2
5363,3
5364,3
5365,3
5366,3
5367,4
5368,2
5369,1
5370,3
5371,3
5372,4
5373,4
5374,4
5375,3
5376,2
5377,2
5378,1
5379,3
5380,3
5381,3
5382,4
5383,1
5384,4
5385,4
5386,4
5387,4
5388,4
5389,2
5390,4
5391,4
5392,3
5393,4
5394,4
5395,4
5396,3
5397,4
5398,4
5399,3
5400,2
5401,2
5402,4
5403,3
5404,3
5405,3
5406,2
5407,2
5408,4
5409,4
5410,3
5411,2
5412,1
5413,3
5414,4
5415,1
5416,4
5417,4
5418,3
5419,3
5420,1
5421,4
5422,3
5423,3
5424,2
5425,3
5426,3
5427,4
5428,4
5429,1
5430,2
5431,4
5432,3
5433,4
5434,3
5435,4
5436,4
5437,2
5438,4
5439,3
5440,1
5441,1
5442,4
5443,2
5444,1
5445,1
5446,4
5447,3
5448,3
5449,1
5450,3
5451,1
5452,4
5453,4
5454,1
5455,4
5456,2
5457,4
5458,2
5459,2
5460,3
5461,4
5462,4
5463,1
5464,4
5465,3
5466,4
5467,2
5468,4
5469,4
5470,1
5471,1
5472,4
5473,2
5474,3
5475,3
5476,3
5477,4
5478,2
5479,4
5480,4
5481,3
5482,4
5483,3
5484,2
5485,4
5486,4
5487,1
5488,1
5489,3
5490,2
5491,2
5492,3
5493,3
5494,2
5495,3
5496,2
5497,1
5498,3
5499,2
5500,1
5501,3
5502,3
5503,2
5504,3
5505,3
5506,3
5507,2
5508,4
5509,1
5510,1
5511,4
5512,4
5513,1
5514,4
5515,4
5516,1
5517,1
5518,3
5519,3
5520,1
5521,1
5522,2
5523,3
5524,3
5525,4
5526,4
5527,1
5528,3
5529,2
5530,3
5531,4
5532,4
5533,4
5534,1
5535,3
5536,2
5537,4
5538,2
5539,1
5540,3
5541,1
5542,3
5543,2
5544,1
5545,4
5546,4
5547,2
5548,3
5549,1
5550,1
5551,4
5552,2
5553,1
5554,3
5555,4
5556,4
5557,2
5558,4
5559,4
5560,2
5561,1
5562,4
5563,2
5564,1
5565,4
5566,1
5567,4
5568,1
5569,2
5570,2
5571,2
5572,2
5573,3
5574,3
5575,1
5576,2
5577,2
5578,1
5579,1
5580,3
5581,2
5582,3
5583,2
5584,1
5585,2
5586,4
5587,4
5588,3
5589,1
5590,3
5591,4
5592,1
5593,3
5594,2
5595,1
5596,1
5597,3
5598,4
5599,2
5600,3
5601,4
5602,1
5603,4
5604,4
5605,4
5606,2
5607,1
5608,1
5609,4
5610,1
5611,4
5612,1
5613,3
5614,3
5615,1
5616,4
5617,1
5618,3
5619,4
5620,4
5621,3
5622,3
5623,3
5624,2
5625,4
5626,4
5627,3
5628,3
5629,4
5630,1
5631,2
5632,1
5633,1
5634,2
5635,3
5636,2
5637,2
5638,3
5639,4
5640,3
5641,1
5642,1
5643,2
5644,1
5645,2
5646,1
5647,1
5648,2
5649,1
5650,3
5651,4
5652,4
5653,2
5654,2
5655,1
5656,2
5657,4
5658,2
5659,4
5660,1
5661,2
5662,4
5663,2
5664,2
5665,2
5666,1
5667,1
5668,2
5669,2
5670,2
5671,2
5672,1
5673,2
5674,1
5675,2
5676,2
5677,2
5678,3
5679,2
5680,2
5681,4
5682,1
5683,4
5684,4
5685,4
5686,1
5687,4
5688,2
5689,1
5690,4
5691,4
5692,3
5693,4
5694,3
5695,1
5696,2
5697,4
5698,4
5699,2
5700,1
5701,3
5702,2
5703,1
5704,4
5705,2
5706,2
5707,2
5708,3
5709,2
5710,1
5711,1
5712,2
5713,2
5714,2
5715,1
5716,1
5717,1
5718,4
5719,4
5720,2
5721,2
5722,1
5723,2
5724,2
5725,1
5726,1
5727,4
5728,2
5729,3
5730,4
5731,2
5732,1
5733,4
5734,3
5735,2
5736,4
5737,4
5738,4
5739,3
5740,3
5741,3
5742,4
5743,1
5744,1
5745,3
5746,1
5747,4
5748,4
5749,2
5750,3
5751,3
5752,4
5753,4
5754,4
5755,3
5756,3
5757,4
5758,4
5759,4
5760,3
5761,2
5762,4
5763,3
5764,2
5765,2
5766,3
5767,4
5768,4
5769,4
5770,1
5771,3
5772,4
5773,3
5774,4
5775,3
5776,3
5777,3
5778,1
5779,4
5780,1
5781,2
5782,4
5783,4
5784,2
5785,3
5786,1
5787,4
5788,4
5789,2
5790,2
5791,3
5792,4
5793,4
5794,4
5795,1
5796,4
5797,4
5798,2
5799,1
5800,4
5801,2
5802,2
5803,2
5804,3
5805,1
5806,1
5807,3
5808,1
5809,1
5810,4
5811,2
5812,4
5813,4
5814,3
5815,1
5816,4
5817,2
5818,1
5819,4
5820,2
5821,2
5822,1
5823,1
5824,1
5825,4
5826,4
5827,1
5828,3
5829,4
5830,4
5831,4
5832,2
5833,1
5834,3
5835,3
5836,3
5837,3
5838,2
5839,3
5840,3
5841,3
5842,3
5843,3
5844,2
5845,1
5846,4
5847,4
5848,4
5849,4
5850,3
5851,3
5852,4
5853,4
5854,4
5855,1
5856,3
5857,4
5858,4
5859,2
5860,4
5861,4
5862,4
5863,4
5864,4
5865,3
5866,4
5867,3
5868,4
5869,3
5870,1
5871,4
5872,2
5873,1
5874,1
5875,4
5876,4
5877,2
5878,1
5879,1
5880,4
5881,2
5882,1
5883,3
5884,3
5885,1
5886,3
5887,2
5888,1
5889,1
5890,4
5891,1
5892,2
5893,3
5894,1
5895,4
5896,4
5897,1
5898,2
5899,4
5900,1
5901,4
5902,1
5903,2
5904,2
5905,2
5906,4
5907,3
5908,2
5909,1
5910,1
5911,4
5912,4
5913,1
5914,2
5915,3
5916,3
5917,4
5918,4
5919,1
5920,4
5921,3
5922,1
5923,3
5924,4
5925,3
5926,4
5927,1
5928,3
5929,4
5930,4
5931,4
5932,3
5933,3
5934,3
5935,4
5936,4
5937,4
5938,1
5939,1
5940,3
5941,2
5942,3
5943,3
5944,4
5945,4
5946,3
5947,3
5948,2
5949,2
5950,3
5951,1
5952,3
5953,1
5954,2
5955,4
5956,1
5957,2
5958,3
5959,2
5960,4
5961,1
5962,3
5963,2
5964,4
5965,1
5966,2
5967,2
5968,4
5969,3
5970,2
5971,3
5972,1
5973,4
5974,1
5975,4
5976,2
5977,2
5978,3
5979,3
5980,2
5981,4
5982,3
5983,4
5984,1
5985,1
5986,3
5987,3
5988,4
5989,1
5990,2
5991,1
5992,1
5993,1
5994,3
5995,3
5996,3
5997,2
5998,3
5999,2
6000,3
6001,4
6002,1
6003,4
6004,2
6005,3
6006,1
6007,2
6008,4
6009,4
6010,3
6011,3
6012,1
6013,3
6014,4
6015,3
6016,4
6017,4
6018,4
6019,2
6020,4
6021,3
6022,4
6023,3
6024,3
6025,3
6026,4
6027,3
6028,1
6029,2
6030,3
6031,3
6032,1
6033,2
6034,4
6035,3
6036,4
6037,2
6038,4
6039,2
6040,2
6041,1
6042,1
6043,1
6044,1
6045,1
6046,1
6047,1
6048,1
6049,3
6050,3
6051,3
6052,2
6053,3
6054,1
6055,3
6056,1
6057,2
6058,1
6059,4
6060,2
6061,1
6062,4
6063,1
6064,2
6065,1
6066,3
6067,3
6068,3
6069,3
6070,3
6071,4
6072,3
6073,2
6074,1
6075,1
6076,2
6077,2
6078,4
6079,3
6080,3
6081,4
6082,4
6083,4
6084,4
6085,4
6086,4
6087,2
6088,3
6089,2
6090,2
6091,3
6092,1
6093,1
6094,3
6095,4
6096,3
6097,4
6098,1
6099,1
6100,4
6101,4
6102,2
6103,3
6104,3
6105,4
6106,2
6107,1
6108,3
6109,3
6110,4
6111,2
6112,4
6113,3
6114,4
6115,4
6116,3
6117,4
6118,2
6119,1
6120,1
6121,2
6122,3
6123,1
6124,3
6125,4
6126,4
6127,2
6128,2
6129,4
6130,1
6131,3
6132,4
6133,2
6134,1
6135,2
6136,1
6137,4
6138,3
6139,3
6140,1
6141,3
6142,3
6143,1
6144,4
6145,4
6146,2
6147,2
6148,2
6149,1
6150,2
6151,2
6152,2
6153,2
6154,4
6155,2
6156,2
6157,2
6158,1
6159,1
6160,1
6161,1
6162,2
6163,2
6164,2
6165,3
6166,1
6167,4
6168,2
6169,3
6170,2
6171,2
6172,2
6173,3
6174,2
6175,3
6176,1
6177,1
6178,2
6179,2
6180,3
6181,3
6182,2
6183,4
6184,2
6185,2
6186,2
6187,2
6188,2
6189,1
6190,2
6191,1
6192,3
6193,3
6194,2
6195,2
6196,3
6197,1
6198,2
6199,2
6200,4
6201,2
6202,1
6203,1
6204,1
6205,3
6206,1
6207,3
6208,4
6209,2
6210,1
6211,1
6212,1
6213,1
6214,2
6215,1
6216,3
6217,2
6218,4
6219,4
6220,4
6221,1
6222,4
6223,2
6224,3
6225,2
6226,4
6227,2
6228,1
6229,3
6230,3
6231,4
6232,2
6233,1
6234,3
6235,4
6236,2
6237,2
6238,1
6239,1
6240,3
6241,4
6242,3
6243,3
6244,3
6245,3
6246,4
6247,3
6248,3
6249,3
6250,4
6251,4
6252,1
6253,1
6254,1
6255,1
6256,3
6257,2
6258,3
6259,4
6260,3
6261,4
6262,4
6263,1
6264,2
6265,3
6266,1
6267,2
6268,4
6269,4
6270,2
6271,3
6272,3
6273,3
6274,4
6275,3
6276,4
6277,2
6278,3
6279,2
6280,3
6281,1
6282,4
6283,3
6284,3
6285,3
6286,1
6287,4
6288,4
6289,2
6290,3
6291,3
6292,1
6293,3
6294,4
6295,2
6296,3
6297,4
6298,2
6299,4
6300,3
6301,2
6302,2
6303,2
6304,2
6305,1
6306,4
6307,2
6308,1
6309,4
6310,3
6311,4
6312,4
6313,3
6314,4
6315,4
6316,1
6317,4
6318,4
6319,4
6320,3
6321,1
6322,4
6323,4
6324,1
6325,4
6326,2
6327,3
6328,2
6329,2
6330,2
6331,2
6332,1
6333,2
6334,1
6335,3
6336,3
6337,1
6338,1
6339,1
6340,2
6341,1
6342,3
6343,1
6344,4
6345,2
6346,4
6347,3
6348,3
6349,3
6350,3
6351,4
6352,1
6353,1
6354,4
6355,4
6356,2
6357,3
6358,2
6359,3
6360,2
6361,1
6362,3
6363,3
6364,3
6365,4
6366,2
6367,2
6368,4
6369,4
6370,4
6371,4
6372,4
6373,3
6374,2
6375,2
6376,2
6377,1
6378,3
6379,3
6380,3
6381,3
6382,3
6383,1
6384,1
6385,3
6386,1
6387,2
6388,4
6389,4
6390,2
6391,3
6392,1
6393,3
6394,1
6395,2
6396,2
6397,4
6398,3
6399,2
6400,4
6401,4
6402,2
6403,1
6404,2
6405,1
6406,3
6407,2
6408,2
6409,2
6410,4
6411,2
6412,1
6413,1
6414,1
6415,3
6416,1
6417,1
6418,1
6419,2
6420,1
6421,2
6422,2
6423,2
6424,2
6425,2
6426,2
6427,2
6428,2
6429,1
6430,1
6431,2
6432,1
6433,2
6434,1
6435,3
6436,4
6437,3
6438,3
6439,3
6440,4
6441,1
6442,3
6443,1
6444,2
6445,3
6446,4
6447,1
6448,1
6449,1
6450,4
6451,1
6452,2
6453,4
6454,1
6455,2
6456,1
6457,4
6458,3
6459,2
6460,3
6461,3
6462,2
6463,4
6464,3
6465,1
6466,4
6467,1
6468,1
6469,3
6470,2
6471,2
6472,2
6473,1
6474,4
6475,3
6476,3
6477,3
6478,2
6479,1
6480,1
6481,1
6482,2
6483,1
6484,3
6485,4
6486,2
6487,1
6488,1
6489,1
6490,2
6491,4
6492,4
6493,4
6494,2
6495,2
6496,4
6497,1
6498,2
6499,2
6500,1
6501,1
6502,2
6503,3
6504,4
6505,2
6506,4
6507,2
6508,3
6509,3
6510,3
6511,3
6512,1
6513,4
6514,1
6515,2
6516,4
6517,1
6518,1
6519,2
6520,2
6521,4
6522,2
6523,1
6524,3
6525,2
6526,1
6527,2
6528,2
6529,2
6530,2
6531,4
6532,3
6533,2
6534,2
6535,1
6536,2
6537,2
6538,2
6539,4
6540,3
6541,2
6542,3
6543,1
6544,1
6545,1
6546,2
6547,2
6548,2
6549,1
6550,2
6551,1
6552,4
6553,2
6554,3
6555,1
6556,1
6557,4
6558,4
6559,1
6560,4
6561,3
6562,4
6563,4
6564,1
6565,4
6566,4
6567,4
6568,4
6569,2
6570,2
6571,4
6572,4
6573,2
6574,4
6575,4
6576,4
6577,3
6578,1
6579,1
6580,1
6581,4
6582,3
6583,3
6584,2
6585,3
6586,3
6587,1
6588,1
6589,3
6590,2
6591,1
6592,4
6593,1
6594,4
6595,1
6596,3
6597,1
6598,3
6599,4
6600,2
6601,2
6602,1
6603,2
6604,4
6605,3
6606,2
6607,1
6608,2
6609,2
6610,4
6611,2
6612,3
6613,3
6614,4
6615,1
6616,2
6617,4
6618,2
6619,1
6620,2
6621,3
6622,2
6623,1
6624,2
6625,1
6626,1
6627,2
6628,2
6629,3
6630,3
6631,2
6632,1
6633,1
6634,4
6635,3
6636,3
6637,3
6638,1
6639,3
6640,3
6641,3
6642,4
6643,1
6644,3
6645,2
6646,3
6647,4
6648,4
6649,4
6650,1
6651,4
6652,2
6653,4
6654,2
6655,4
6656,4
6657,2
6658,1
6659,4
6660,2
6661,3
6662,1
6663,3
6664,2
6665,3
6666,3
6667,4
6668,2
6669,3
6670,4
6671,3
6672,4
6673,4
6674,4
6675,2
6676,2
6677,3
6678,1
6679,4
6680,3
6681,2
6682,4
6683,3
6684,2
6685,4
6686,4
6687,2
6688,2
6689,1
6690,3
6691,3
6692,2
6693,3
6694,3
6695,3
6696,2
6697,1
6698,1
6699,1
6700,1
6701,4
6702,3
6703,2
6704,1
6705,1
6706,4
6707,3
6708,4
6709,2
6710,4
6711,4
6712,4
6713,3
6714,4
6715,1
6716,1
6717,4
6718,4
6719,4
6720,4
6721,4
6722,2
6723,4
6724,3
6725,3
6726,3
6727,2
6728,3
6729,3
6730,4
6731,4
6732,2
6733,1
6734,3
6735,2
6736,2
6737,3
6738,1
6739,4
6740,2
6741,2
6742,3
6743,1
6744,1
6745,1
6746,2
6747,2
6748,4
6749,2
6750,4
6751,3
6752,4
6753,4
6754,2
6755,4
6756,4
6757,4
6758,4
6759,4
6760,4
6761,1
6762,4
6763,4
6764,4
6765,4
6766,3
6767,3
6768,3
6769,2
6770,1
6771,1
6772,4
6773,4
6774,4
6775,2
6776,1
6777,1
6778,3
6779,4
6780,4
6781,4
6782,4
6783,4
6784,3
6785,4
6786,2
6787,4
6788,2
6789,3
6790,4
6791,3
6792,1
6793,3
6794,4
6795,1
6796,3
6797,3
6798,2
6799,2
6800,1
6801,4
6802,2
6803,1
6804,1
6805,1
6806,3
6807,4
6808,4
6809,4
6810,3
6811,2
6812,1
6813,3
6814,3
6815,4
6816,1
6817,3
6818,1
6819,3
6820,4
6821,4
6822,2
6823,3
6824,1
6825,2
6826,3
6827,3
6828,4
6829,3
6830,4
6831,4
6832,1
6833,1
6834,3
6835,4
6836,3
6837,1
6838,4
6839,1
6840,4
6841,4
6842,1
6843,4
6844,4
6845,3
6846,1
6847,3
6848,1
6849,3
6850,3
6851,1
6852,2
6853,3
6854,1
6855,1
6856,1
6857,2
6858,2
6859,2
6860,3
6861,2
6862,3
6863,2
6864,4
6865,4
6866,4
6867,3
6868,3
6869,2
6870,4
6871,2
6872,2
6873,4
6874,2
6875,2
6876,2
6877,4
6878,3
6879,1
6880,1
6881,1
6882,2
6883,2
6884,2
6885,1
6886,1
6887,4
6888,2
6889,2
6890,2
6891,1
6892,2
6893,1
6894,1
6895,1
6896,1
6897,2
6898,1
6899,1
6900,3
6901,2
6902,1
6903,4
6904,1
6905,3
6906,3
6907,2
6908,4
6909,2
6910,3
6911,4
6912,4
6913,1
6914,3
6915,2
6916,3
6917,3
6918,2
6919,4
6920,4
6921,3
6922,2
6923,2
6924,2
6925,3
6926,4
6927,2
6928,2
6929,1
6930,2
6931,1
6932,2
6933,2
6934,3
6935,1
6936,3
6937,3
6938,3
6939,2
6940,1
6941,2
6942,1
6943,4
6944,2
6945,1
6946,1
6947,3
6948,1
6949,1
6950,3
6951,1
6952,1
6953,4
6954,3
6955,2
6956,4
6957,4
6958,4
6959,2
6960,1
6961,1
6962,1
6963,2
6964,1
6965,3
6966,3
6967,1
6968,1
6969,3
6970,3
6971,4
6972,4
6973,3
6974,3
6975,4
6976,1
6977,2
6978,2
6979,2
6980,3
6981,4
6982,3
6983,1
6984,4
6985,1
6986,4
6987,4
6988,2
6989,3
6990,1
6991,3
6992,3
6993,4
6994,2
6995,2
6996,4
6997,3
6998,1
6999,4
7000,4
7001,4
7002,4
7003,4
7004,4
7005,3
7006,2
7007,2
7008,3
7009,2
7010,2
7011,2
7012,2
7013,4
7014,4
7015,4
7016,3
7017,4
7018,1
7019,2
7020,4
7021,1
7022,1
7023,4
7024,1
7025,1
7026,3
7027,4
7028,3
7029,1
7030,4
7031,4
7032,1
7033,3
7034,1
7035,4
7036,4
7037,1
7038,4
7039,3
7040,4
7041,1
7042,3
7043,3
7044,4
7045,3
7046,3
7047,2
7048,4
7049,4
7050,3
7051,4
7052,4
7053,1
7054,4
7055,3
7056,3
7057,3
7058,1
7059,4
7060,4
7061,3
7062,4
7063,1
7064,2
7065,1
7066,2
7067,4
7068,3
7069,2
7070,3
7071,1
7072,2
7073,4
7074,3
7075,3
7076,1
7077,2
7078,2
7079,1
7080,4
7081,4
7082,3
7083,4
7084,4
7085,2
7086,1
7087,1
7088,2
7089,4
7090,2
7091,1
7092,4
7093,4
7094,2
7095,2
7096,4
7097,4
7098,3
7099,1
7100,4
7101,1
7102,4
7103,3
7104,3
7105,2
7106,3
7107,2
7108,3
7109,3
7110,1
7111,4
7112,4
7113,2
7114,3
7115,4
7116,3
7117,3
7118,1
7119,3
7120,4
7121,3
7122,4
7123,2
7124,3
7125,4
7126,4
7127,2
7128,2
7129,4
7130,3
7131,3
7132,1
7133,1
7134,4
7135,3
7136,4
7137,1
7138,2
7139,4
7140,1
7141,4
7142,2
7143,2
7144,1
7145,1
7146,3
7147,4
7148,3
7149,2
7150,2
7151,2
7152,2
7153,2
7154,4
7155,2
7156,2
7157,4
7158,3
7159,1
7160,2
7161,2
7162,2
7163,4
7164,2
7165,2
7166,2
7167,1
7168,2
7169,2
7170,1
7171,1
7172,1
7173,3
7174,2
7175,2
7176,1
7177,4
7178,1
7179,1
7180,1
7181,3
7182,2
7183,2
7184,2
7185,2
7186,2
7187,1
7188,2
7189,3
7190,2
7191,2
7192,2
7193,2
7194,1
7195,1
7196,2
7197,1
7198,1
7199,2
7200,1
7201,2
7202,4
7203,1
7204,3
7205,4
7206,1
7207,4
7208,1
7209,4
7210,4
7211,2
7212,2
7213,2
7214,3
7215,3
7216,3
7217,4
7218,2
7219,2
7220,1
7221,2
7222,2
7223,3
7224,1
7225,1
7226,1
7227,3
7228,1
7229,1
7230,3
7231,4
7232,2
7233,3
7234,2
7235,2
7236,3
7237,1
7238,2
7239,4
7240,4
7241,3
7242,4
7243,2
7244,1
7245,1
7246,4
7247,3
7248,1
7249,3
7250,3
7251,3
7252,1
7253,1
7254,2
7255,4
7256,1
7257,1
7258,4
7259,3
7260,4
7261,2
7262,4
7263,4
7264,1
7265,3
7266,3
7267,1
7268,4
7269,2
7270,4
7271,4
7272,4
7273,4
7274,3
7275,4
7276,1
7277,1
7278,2
7279,2
7280,1
7281,2
7282,3
7283,2
7284,1
7285,1
7286,3
7287,2
7288,2
7289,2
7290,4
7291,4
7292,1
7293,3
7294,3
7295,1
7296,4
7297,4
7298,2
7299,1
7300,3
7301,3
7302,3
7303,4
7304,4
7305,4
7306,4
7307,4
7308,2
7309,3
7310,2
7311,4
7312,1
7313,1
7314,1
7315,2
7316,2
7317,2
7318,3
7319,4
7320,1
7321,3
7322,3
7323,4
7324,4
7325,3
7326,4
7327,1
7328,3
7329,3
7330,3
7331,1
7332,4
7333,3
7334,4
7335,4
7336,1
7337,3
7338,4
7339,3
7340,4
7341,1
7342,2
7343,2
7344,4
7345,2
7346,4
7347,2
7348,4
7349,3
7350,2
7351,3
7352,2
7353,1
7354,2
7355,2
7356,1
7357,1
7358,4
7359,2
7360,4
7361,3
7362,4
7363,1
7364,1
7365,4
7366,4
7367,2
7368,1
7369,3
7370,3
7371,1
7372,4
7373,2
7374,4
7375,1
7376,3
7377,3
7378,4
7379,2
7380,2
7381,2
7382,1
7383,2
7384,2
7385,1
7386,3
7387,3
7388,4
7389,3
7390,1
7391,4
7392,4
7393,4
7394,2
7395,2
7396,1
7397,2
7398,4
7399,1
7400,3
7401,4
7402,2
7403,2
7404,3
7405,3
7406,4
7407,1
7408,3
7409,4
7410,4
7411,4
7412,4
7413,1
7414,2
7415,3
7416,4
7417,4
7418,3
7419,1
7420,3
7421,4
7422,3
7423,2
7424,2
7425,3
7426,4
7427,4
7428,2
7429,4
7430,3
7431,3
7432,2
7433,2
7434,2
7435,2
7436,1
7437,3
7438,3
7439,4
7440,1
7441,3
7442,2
7443,1
7444,3
7445,2
7446,3
7447,2
7448,3
7449,3
7450,3
7451,3
7452,3
7453,4
7454,2
7455,3
7456,4
7457,2
7458,1
7459,1
7460,1
7461,3
7462,1
7463,3
7464,3
7465,3
7466,4
7467,1
7468,3
7469,4
7470,4
7471,1
7472,4
7473,1
7474,1
7475,2
7476,1
7477,1
7478,4
7479,2
7480,3
7481,2
7482,1
7483,1
7484,2
7485,4
7486,2
7487,2
7488,3
7489,2
7490,1
7491,4
7492,4
7493,4
7494,4
7495,1
7496,3
7497,4
7498,4
7499,4
7500,2
7501,3
7502,1
7503,3
7504,4
7505,4
7506,2
7507,3
7508,3
7509,1
7510,2
7511,3
7512,1
7513,4
7514,4
7515,3
7516,1
7517,2
7518,4
7519,1
7520,4
7521,4
7522,4
7523,3
7524,3
7525,2
7526,1
7527,3
7528,2
7529,1
7530,3
7531,2
7532,2
7533,1
7534,1
7535,3
7536,1
7537,3
7538,1
7539,4
7540,1
7541,4
7542,4
7543,3
7544,1
7545,4
7546,4
7547,3
7548,3
7549,3
7550,1
7551,2
7552,1
7553,3
7554,3
7555,3
7556,3
7557,3
7558,3
7559,4
7560,1
7561,3
7562,2
7563,2
7564,3
7565,3
7566,4
7567,4
7568,1
7569,4
7570,1
7571,2
7572,2
7573,4
7574,4
7575,2
7576,2
7577,2
7578,1
7579,3
7580,2
7581,3
7582,4
7583,2
7584,2
7585,4
7586,2
7587,4
7588,4
7589,3
7590,2
7591,1
7592,1
7593,2
7594,1
7595,1
7596,2
7597,2
7598,1
7599,3
